<?xml version="1.0" standalone="yes"?>  <DATAPACKET Version="2.0"><METADATA><FIELDS><FIELD attrname="Name" fieldtype="string" WIDTH="30"/><FIELD attrname="Country" fieldtype="string" WIDTH="20"/><FIELD attrname="City" fieldtype="string" WIDTH="20"/><FIELD attrname="URL" fieldtype="string" WIDTH="60"/><FIELD attrname="Host" fieldtype="string" WIDTH="80"/><FIELD attrname="Code" fieldtype="string" WIDTH="2"/></FIELDS><PARAMS/></METADATA><ROWDATA><ROW Name="0-Cloud" Country="0-Cloud" City="0-Cloud" URL="http://cran.rstudio.com/" Host="Rstudio, automatic redirection to servers worldwide" Code="us"/><ROW Name="Argentina (La Plata)" Country="Argentina" City="La Plata" URL="http://mirror.fcaglp.unlp.edu.ar/CRAN/" Host="Universidad Nacional de La Plata" Code="ar"/><ROW Name="Argentina (Mendoza)" Country="Argentina" City="Mendoza" URL="http://r.mirror.mendoza-conicet.gob.ar/" Host="CONICET Mendoza" Code="ar"/><ROW Name="Australia (Canberra)" Country="Australia" City="Canberra" URL="http://cran.csiro.au/" Host="CSIRO" Code="au"/><ROW Name="Australia (Melbourne)" Country="Australia" City="Melbourne" URL="http://cran.ms.unimelb.edu.au/" Host="University of Melbourne" Code="au"/><ROW Name="Austria" Country="Austria" City="Wien" URL="http://cran.at.r-project.org/" Host="Wirtschaftsuniversitaet Wien" Code="at"/><ROW Name="Belgium" Country="Belgium" City="Antwerp" URL="http://www.freestatistics.org/cran/" Host="K.U.Leuven Association" Code="be"/><ROW Name="Brazil (BA)" Country="Brazil" City="Ilheus" URL="http://nbcgib.uesc.br/mirrors/cran/" Host="Center for Comp. Biol. at Universidade Estadual de Santa Cruz" Code="br"/><ROW Name="Brazil (PR)" Country="Brazil" City="Curitiba" URL="http://cran-r.c3sl.ufpr.br/" Host="Universidade Federal do Parana" Code="br"/><ROW Name="Brazil (RJ)" Country="Brazil" City="Rio de Janeiro" URL="http://cran.fiocruz.br/" Host="Oswaldo Cruz Foundation, Rio de Janeiro" Code="br"/><ROW Name="Brazil (SP 1)" Country="Brazil" City="Sao Paulo" URL="http://www.vps.fmvz.usp.br/CRAN/" Host="University of Sao Paulo, Sao Paulo" Code="br"/><ROW Name="Brazil (SP 2)" Country="Brazil" City="Piracicaba" URL="http://brieger.esalq.usp.br/CRAN/" Host="University of Sao Paulo, Piracicaba" Code="br"/><ROW Name="Canada (BC)" Country="Canada" City="Burnaby" URL="http://cran.stat.sfu.ca/" Host="Simon Fraser University, Burnaby" Code="ca"/><ROW Name="Canada (NS)" Country="Canada" City="Halifax" URL="http://mirror.its.dal.ca/cran/" Host="Dalhousie University, Halifax" Code="ca"/><ROW Name="Canada (ON)" Country="Canada" City="Toronto" URL="http://probability.ca/cran/" Host="University of Toronto" Code="ca"/><ROW Name="Canada (QC 1)" Country="Canada" City="Montreal" URL="http://cran.skazkaforyou.com/" Host="iWeb, Montreal" Code="ca"/><ROW Name="Canada (QC 2)" Country="Canada" City="Montreal" URL="http://cran.parentingamerica.com/" Host="iWeb, Montreal" Code="ca"/><ROW Name="Chile" Country="Chile" City="Santiago" URL="http://dirichlet.mat.puc.cl/" Host="Pontificia Universidad Catolica de Chile, Santiago" Code="cl"/><ROW Name="China (Beijing 1)" Country="China" City="Bejing" URL="http://ftp.ctex.org/mirrors/CRAN/" Host="CTEX.ORG" Code="cn"/><ROW Name="China (Beijing 2)" Country="China" City="Bejing" URL="http://mirror.bjtu.edu.cn/cran" Host="Beijing Jiaotong University, Beijing" Code="cn"/><ROW Name="China (Hefei)" Country="China" City="Hefei" URL="http://mirrors.ustc.edu.cn/CRAN/" Host="University of Science and Technology of China" Code="cn"/><ROW Name="China (Xiamen)" Country="China" City="Xiamen" URL="http://mirrors.xmu.edu.cn/CRAN/" Host="Xiamen University" Code="cn"/><ROW Name="Colombia (Bogota)" Country="Colombia" City="Bogota" URL="http://www.laqee.unal.edu.co/CRAN/" Host="National University of Colombia" Code="co"/><ROW Name="Colombia (Cali)" Country="Colombia" City="Cali" URL="http://www.icesi.edu.co/CRAN/" Host="Icesi University" Code="co"/><ROW Name="Denmark" Country="Denmark" City="Aalborg" URL="http://mirrors.dotsrc.org/cran/" Host="dotsrc.org, Aalborg" Code="dk"/><ROW Name="Ecuador" Country="Ecuador" City="Guayaquil" URL="http://cran.espol.edu.ec/" Host="Escuela Superior Politecnica del Litoral" Code="ec"/><ROW Name="France (Lyon 1)" Country="France" City="Lyon" URL="http://cran.univ-lyon1.fr/" Host="Dept. of Biometry &amp; Evol. Biology, University of Lyon" Code="fr"/><ROW Name="France (Lyon 2)" Country="France" City="Lyon" URL="http://mirror.ibcp.fr/pub/CRAN/" Host="CNRS IBCP, Lyon" Code="fr"/><ROW Name="France (Montpellier)" Country="France" City="Montpellier" URL="http://ftp.igh.cnrs.fr/pub/CRAN/" Host="Institut de Genetique Humaine, Montpellier" Code="fr"/><ROW Name="France (Paris 1)" Country="France" City="Paris" URL="http://cran.irsn.fr/" Host="French Nuclear Safety Institute, Paris" Code="fr"/><ROW Name="France (Paris 2)" Country="France" City="Paris" URL="http://cran.univ-paris1.fr/" Host="Universite Paris 1 Pantheon-Sorbonne" Code="fr"/><ROW Name="Germany (Berlin)" Country="Germany" City="Berlin" URL="http://mirrors.softliste.de/cran/" Host="Softliste.de, Berlin" Code="de"/><ROW Name="Germany (Bonn)" Country="Germany" City="Bonn" URL="http://cran.r-mirror.de/" Host="Stefan Drees, Bonn" Code="de"/><ROW Name="Germany (Goettingen)" Country="Germany" City="Goettingen" URL="http://ftp5.gwdg.de/pub/misc/cran/" Host="GWDG Goettingen" Code="de"/><ROW Name="Greece" Country="Greece" City="Crete" URL="http://cran.cc.uoc.gr/" Host="University of Crete" Code="gr"/><ROW Name="Hungary" Country="Hungary" City="Budapest" URL="http://cran.rapporter.net/" Host="Rapporter.net, Budapest" Code="hu"/><ROW Name="India" Country="India" City="Chennai" URL="http://ftp.iitm.ac.in/cran/" Host="Indian Institute of Technology Madras" Code="in"/><ROW Name="Indonesia" Country="Indonesia" City="Jakarta" URL="http://cran.repo.bppt.go.id/" Host="Agency for The Application and Assessment of Technology" Code="id"/><ROW Name="Iran" Country="Iran" City="Mashhad" URL="http://cran.um.ac.ir/" Host="Ferdowsi University of Mashhad" Code="ir"/><ROW Name="Ireland" Country="Ireland" City="Dublin" URL="http://ftp.heanet.ie/mirrors/cran.r-project.org/" Host="HEAnet, Dublin" Code="ie"/><ROW Name="Italy (Milano)" Country="Italy" City="Milano" URL="http://cran.mirror.garr.it/mirrors/CRAN/" Host="Garr Mirror, Milano" Code="it"/><ROW Name="Italy (Padua)" Country="Italy" City="Padua" URL="http://cran.stat.unipd.it/" Host="University of Padua" Code="it"/><ROW Name="Italy (Palermo)" Country="Italy" City="Palermo" URL="http://dssm.unipa.it/CRAN/" Host="Universita degli Studi di Palermo" Code="it"/><ROW Name="Japan (Hyogo)" Country="Japan" City="Hyogo" URL="http://essrc.hyogo-u.ac.jp/cran/" Host="Hyogo University of Teacher Education" Code="jp"/><ROW Name="Japan (Tokyo)" Country="Japan" City="Tokyo" URL="http://cran.ism.ac.jp/" Host="Institute of Statistical Mathematics, Tokyo" Code="jp"/><ROW Name="Japan (Tsukuba)" Country="Japan" City="Tsukuba" URL="http://cran.md.tsukuba.ac.jp/" Host="University of Tsukuba" Code="jp"/><ROW Name="Korea (Seoul 1)" Country="Korea" City="Seoul" URL="http://cran.nexr.com/" Host="NexR Corporation, Seoul" Code="kr"/><ROW Name="Korea (Seoul 2)" Country="Korea" City="Seoul" URL="http://biostat.cau.ac.kr/CRAN/" Host="Chung-Ang University, Seoul" Code="kr"/><ROW Name="Lebanon" Country="Lebanon" City="Byblos" URL="http://rmirror.lau.edu.lb/" Host="Lebanese American University, Byblos" Code="lb"/><ROW Name="Mexico (Mexico City)" Country="Mexico" City="Mexico City" URL="http://cran.itam.mx/" Host="Instituto Tecnologico Autonomo de Mexico" Code="mx"/><ROW Name="Mexico (Texcoco)" Country="Mexico" City="Texcoco" URL="http://www.est.colpos.mx/R-mirror/" Host="Colegio de Postgraduados, Texcoco" Code="mx"/><ROW Name="Netherlands (Amsterdam)" Country="Netherlands" City="Amsterdam" URL="http://cran.xl-mirror.nl/" Host="XL-Data, Amsterdam" Code="nl"/><ROW Name="Netherlands (Utrecht)" Country="Netherlands" City="Utrecht" URL="http://cran-mirror.cs.uu.nl/" Host="Utrecht University" Code="nl"/><ROW Name="New Zealand" Country="New Zealand" City="Auckland" URL="http://cran.stat.auckland.ac.nz/" Host="University of Auckland" Code="nz"/><ROW Name="Norway" Country="Norway" City="Bergen" URL="http://cran.uib.no/" Host="University of Bergen" Code="no"/><ROW Name="Philippines" Country="Philippines" City="Quezon City" URL="http://cran.stat.upd.edu.ph/" Host="University of the Philippines and PREGINET" Code="ph"/><ROW Name="Poland" Country="Poland" City="Wroclaw" URL="http://r.meteo.uni.wroc.pl/" Host="University of Wroclaw" Code="pl"/><ROW Name="Portugal" Country="Portugal" City="Porto" URL="http://cran.dcc.fc.up.pt/" Host="University of Porto" Code="pt"/><ROW Name="Russia" Country="Russia" City="Moscow" URL="http://cran.gis-lab.info/" Host="GIS-Lab.info" Code="ru"/><ROW Name="Singapore" Country="Singapore" City="Singapore" URL="http://cran.stat.nus.edu.sg/" Host="National University of Singapore" Code="sg"/><ROW Name="Slovakia" Country="Slovakia" City="Bratislava" URL="http://cran.fyxm.net/" Host="FYXM.net, Bratislava" Code="sk"/><ROW Name="South Africa (Cape Town)" Country="South Africa" City="Cape Town" URL="http://r.adu.org.za/" Host="University of Cape Town" Code="za"/><ROW Name="South Africa (Johannesburg)" Country="South Africa" City="Johannesburg" URL="http://cran.mirror.ac.za/" Host="TENET, Johannesburg" Code="za"/><ROW Name="Spain (Madrid)" Country="Spain" City="Madrid" URL="http://cran.es.r-project.org/" Host="Spanish National Research Network, Madrid" Code="es"/><ROW Name="Sweden" Country="Sweden" City="Uppsala" URL="http://ftp.sunet.se/pub/lang/CRAN/" Host="Swedish University Computer Network, Uppsala" Code="se"/><ROW Name="Switzerland" Country="Switzerland" City="Zuerich" URL="http://stat.ethz.ch/CRAN/" Host="ETH Zuerich" Code="ch"/><ROW Name="Taiwan (Taichung)" Country="Taiwan" City="Taichung" URL="http://cran.cs.pu.edu.tw/" Host="Providence University, Taichung" Code="tw"/><ROW Name="Taiwan (Taipei)" Country="Taiwan" City="Taipei" URL="http://cran.csie.ntu.edu.tw/" Host="National Taiwan University, Taipei" Code="tw"/><ROW Name="Thailand" Country="Thailand" City="Hatyai" URL="http://mirrors.psu.ac.th/pub/cran/" Host="Prince of Songkla University, Hatyai" Code="th"/><ROW Name="Turkey" Country="Turkey" City="Denizli" URL="http://cran.pau.edu.tr" Host="Pamukkale University, Denizli" Code="tr"/><ROW Name="UK (Bristol)" Country="UK" City="Bristol" URL="http://www.stats.bris.ac.uk/R/" Host="University of Bristol" Code="uk"/><ROW Name="UK (London)" Country="UK" City="London" URL="http://cran.ma.imperial.ac.uk/" Host="Imperial College London" Code="uk"/><ROW Name="UK (London)" Country="UK" City="London" URL="http://mirror.mdx.ac.uk/R/" Host="Middlesex University London" Code="uk"/><ROW Name="UK (St Andrews)" Country="UK" City="St Andrews" URL="http://star-www.st-andrews.ac.uk/cran/" Host="St Andrews University" Code="uk"/><ROW Name="USA (CA 1)" Country="USA" City="Berkeley" URL="http://cran.cnr.Berkeley.edu" Host="University of California, Berkeley, CA" Code="us"/><ROW Name="USA (CA 2)" Country="USA" City="Los Angeles" URL="http://cran.stat.ucla.edu/" Host="University of California, Los Angeles, CA" Code="us"/><ROW Name="USA (IA)" Country="USA" City="Ames" URL="http://streaming.stat.iastate.edu/CRAN/" Host="Iowa State University, Ames, IA" Code="us"/><ROW Name="USA (IN)" Country="USA" City="Bloomington" URL="http://ftp.ussg.iu.edu/CRAN/" Host="Indiana University" Code="us"/><ROW Name="USA (KS)" Country="USA" City="Lawrence" URL="http://rweb.quant.ku.edu/cran/" Host="University of Kansas, Lawrence, KS" Code="us"/><ROW Name="USA (MD)" Country="USA" City="Bethesda" URL="http://watson.nci.nih.gov/cran_mirror/" Host="National Cancer Institute, Bethesda, MD" Code="us"/><ROW Name="USA (MI)" Country="USA" City="Houghton" URL="http://cran.mtu.edu/" Host="Michigan Technological University, Houghton, MI" Code="us"/><ROW Name="USA (MO)" Country="USA" City="St. Louis" URL="http://cran.wustl.edu/" Host="Washington University, St. Louis, MO" Code="us"/><ROW Name="USA (OH)" Country="USA" City="Cleveland" URL="http://cran.case.edu/" Host="Case Western Reserve University, Cleveland, OH" Code="us"/><ROW Name="USA (OR)" Country="USA" City="Corvallis" URL="http://ftp.osuosl.org/pub/cran/" Host="Oregon State University" Code="us"/><ROW Name="USA (PA 1)" Country="USA" City="Pittsburgh" URL="http://lib.stat.cmu.edu/R/CRAN/" Host="Statlib, Carnegie Mellon University, Pittsburgh, PA" Code="us"/><ROW Name="USA (PA 2)" Country="USA" City="Pittsburgh" URL="http://cran.mirrors.hoobly.com" Host="Hoobly Classifieds, Pittsburgh, PA" Code="us"/><ROW Name="USA (TN)" Country="USA" City="Oak Ridge" URL="http://mirrors.nics.utk.edu/cran/" Host="National Institute for Computational Sciences, Oak Ridge, TN" Code="us"/><ROW Name="USA (TX 1)" Country="USA" City="Dallas" URL="http://cran.revolutionanalytics.com" Host="Revolution Analytics, Dallas, TX" Code="us"/><ROW Name="USA (WA 1)" Country="USA" City="Seattle" URL="http://cran.fhcrc.org/" Host="Fred Hutchinson Cancer Research Center, Seattle, WA" Code="us"/><ROW Name="USA (WA 2)" Country="USA" City="Bellingham" URL="http://cran.cs.wwu.edu/" Host="Western Washington University, Bellingham, WA" Code="us"/><ROW Name="Venezuela" Country="Venezuela" City="Valencia" URL="http://camoruco.ing.uc.edu.ve/cran/" Host="Universidad de Carabobo Venezuela" Code="ve"/><ROW Name="Vietnam" Country="Vietnam" City="Can Tho City" URL="http://cran.vinastat.com/" Host="VinaStat.com" Code="vn"/></ROWDATA></DATAPACKET>